,mean,std
mulliken_O4,-0.5492943850735189,0.04699342964125609
pbv_C1,0.5423456952259182,0.07074643092828997
lumo,-1.044992717131014,1.4967784246661955
