,mean,std
homo,-0.2407569901382593,0.02211148655219536
lumo,0.009118378255430456,0.04627783236261728
r2,1205.2544294991146,281.9787000678097
